open_time,open,high,low,close,volume,close_time,quote_asset_volume,number_of_trades,taker_buy_base_asset_volume,taker_buy_quote_asset_volume,ignore
1672531200000,16541.77,23960.54,16499.01,23125.13,7977028.87801,1675209599999,164131402696.49188,195640242,3970265.23454,81703060328.83946,0
1675209600000,23125.13,25250.0,21351.07,23141.57,8642691.27165,1677628799999,202098042118.3695,237616543,4307960.2953,100749850713.74112,0
1677628800000,23141.57,29184.68,19549.09,28465.36,9516189.35846,1680307199999,230976895658.80542,225288488,4763490.75166,115663352570.699,0
1680307200000,28465.36,31000.0,26942.82,29233.21,1626745.5585,1682899199999,47014519902.68321,34498914,814487.04557,23542634913.2804,0
1682899200000,29233.2,29337.34,28369.95,28590.28,15562.59942,1685577599999,447424515.8381915,293465,7291.83841,209537795.2736076,0
