open_time,open,high,low,close,volume,close_time,quote_asset_volume,number_of_trades,taker_buy_base_asset_volume,taker_buy_quote_asset_volume,ignore
1672531200000,1196.13,1679.26,1190.57,1585.33,14091007.0828,1675209599999,21001754797.318413,18593129,7082040.5099,10555619059.605124,0
1675209600000,1585.32,1742.97,1461.93,1605.23,13176410.4841,1677628799999,21407273715.630592,20624863,6535139.688,10625794999.064672,0
1677628800000,1605.24,1857.16,1368.39,1821.52,20803771.4363,1680307199999,34543831683.76413,29848695,10474333.7732,17421957374.656746,0
1680307200000,1821.52,2141.54,1762.77,1870.09,14307106.2608,1682899199999,27515174814.82857,23191367,7232414.4684,13906464249.546871,0
1682899200000,1870.08,1886.49,1823.0,1846.73,115268.0986,1685577599999,213165937.64991,151726,60492.9966,111826152.70101,0
